SMM_01_renamed	{'marker lineage': 'k__Archaea', '# genomes': 207, '# markers': 149, '# marker sets': 107, '0': 45, '1': 95, '2': 7, '3': 2, '4': 0, '5+': 0, 'Completeness': 70.51282051282053, 'Contamination': 7.710280373831775, 'GC': 0.35812923805545593, 'GC std': 0.03770283779601744, 'Genome size': 3385102, '# ambiguous bases': 0, '# scaffolds': 2662, '# contigs': 2662, 'Longest scaffold': 1409, 'Longest contig': 1409, 'N50 (scaffolds)': 1268, 'N50 (contigs)': 1268, 'Mean scaffold length': 1271.6386175807663, 'Mean contig length': 1271.6386175807663, 'Coding density': 0.8557798258368581, 'Translation table': 11, '# predicted genes': 5554, 'GCN0': ['PF01246', 'TIGR03677', 'TIGR03683', 'PF02005', 'TIGR03685', 'PF01922', 'TIGR00522', 'PF04010', 'PF04567', 'PF03719', 'PF01864', 'TIGR00422', 'PF01200', 'PF13656', 'PF00276', 'TIGR03724', 'PF01201', 'PF04566', 'TIGR00432', 'PF00749', 'PF04997', 'PF00327', 'PF01282', 'PF01984', 'TIGR00344', 'TIGR00670', 'PF04565', 'TIGR01213', 'PF03947', 'TIGR00392', 'TIGR02389', 'PF01193', 'TIGR01046', 'TIGR02076', 'PF01000', 'PF00333', 'TIGR02153', 'PF00318', 'PF00238', 'TIGR01080', 'PF01868', 'PF01172', 'PF00831', 'PF01866', 'PF00181'], 'GCN1': ['TIGR03665', 'PF00366', 'PF00572', 'PF00410', 'PF09377', 'PF00623', 'PF00832', 'PF09249', 'PF00935', 'PF05670', 'TIGR00270', 'TIGR00425', 'PF00687', 'PF04563', 'PF00203', 'PF02978', 'PF05000', 'TIGR01018', 'PF01725', 'PF00281', 'PF04019', 'PF01191', 'PF01351', 'PF00398', 'TIGR00442', 'PF00297', 'PF01092', 'PF00466', 'TIGR00289', 'PF06026', 'PF00380', 'PF04560', 'PF04561', 'PF00833', 'PF03876', 'PF00416', 'TIGR00468', 'PF00189', 'PF00673', 'PF01269', 'PF05746', 'PF03764', 'PF01287', 'PF04983', 'PF03874', 'PF01194', 'TIGR00549', 'PF09173', 'TIGR03679', 'PF01655', 'PF01015', 'PF03950', 'PF00411', 'PF01798', 'PF01280', 'PF08068', 'PF00827', 'PF01849', 'PF01981', 'PF04919', 'PF00867', 'PF01192', 'PF05221', 'PF00164', 'PF00750', 'PF01090', 'PF08071', 'TIGR00329', 'PF00252', 'PF01157', 'PF00861', 'PF00177', 'PF00573', 'PF03439', 'PF00736', 'PF01780', 'PF00679', 'PF00347', 'PF11987', 'PF04127', 'PF01912', 'TIGR02338', 'TIGR00419', 'PF00752', 'PF13685', 'PF01982', 'PF00562', 'PF06418', 'TIGR00134', 'TIGR00064', 'PF00298', 'PF03484', 'PF07541', 'PF00900', 'PF01198'], 'GCN2': ['TIGR00057', 'TIGR00389', 'PF00958', 'PF01667', 'PF08069', 'PF00237', 'TIGR00408'], 'GCN3': ['PF00312', 'TIGR00336'], 'GCN4': [], 'GCN5+': []}
HM45_Bin1_renamed	{'marker lineage': 'k__Archaea', '# genomes': 207, '# markers': 145, '# marker sets': 103, '0': 22, '1': 85, '2': 29, '3': 4, '4': 4, '5+': 1, 'Completeness': 83.00970873786407, 'Contamination': 34.1361712720936, 'GC': 0.3395043226156897, 'GC std': 0.020974310203039213, 'Genome size': 3056020, '# ambiguous bases': 0, '# scaffolds': 1077, '# contigs': 1077, 'Longest scaffold': 10896, 'Longest contig': 10896, 'N50 (scaffolds)': 2937, 'N50 (contigs)': 2937, 'Mean scaffold length': 2837.5301764159703, 'Mean contig length': 2837.5301764159703, 'Coding density': 0.9041217007742096, 'Translation table': 11, '# predicted genes': 4392, 'GCN0': ['PF00366', 'PF02978', 'TIGR01018', 'PF00281', 'TIGR00522', 'TIGR00442', 'TIGR00422', 'PF01269', 'PF01798', 'TIGR00670', 'PF05221', 'PF08071', 'PF00252', 'TIGR01046', 'PF00347', 'PF00238', 'TIGR01080', 'PF01868', 'PF00831', 'TIGR00408', 'TIGR00064', 'PF00900'], 'GCN1': ['PF01246', 'TIGR03665', 'TIGR03683', 'PF00572', 'PF00410', 'PF02005', 'TIGR00057', 'PF09377', 'PF00935', 'TIGR00389', 'PF00687', 'PF01922', 'PF04563', 'PF00958', 'PF01725', 'PF04019', 'PF01191', 'PF01351', 'PF00312', 'PF04010', 'PF03719', 'PF00398', 'PF00297', 'PF01092', 'PF00466', 'TIGR00289', 'PF06026', 'PF00380', 'PF01200', 'PF00833', 'PF13656', 'PF03876', 'TIGR03724', 'PF01201', 'PF00416', 'PF00189', 'PF00673', 'PF00749', 'PF05746', 'PF03764', 'PF00327', 'PF03874', 'PF01194', 'TIGR00549', 'PF09173', 'TIGR03679', 'PF01655', 'PF01015', 'PF03950', 'PF00411', 'PF01280', 'PF01984', 'TIGR00344', 'PF00827', 'PF01849', 'PF01981', 'PF04919', 'PF00867', 'PF01192', 'TIGR01213', 'PF00164', 'PF08069', 'PF00750', 'PF01090', 'PF01157', 'PF00861', 'PF00177', 'PF00573', 'PF03439', 'PF01000', 'PF00736', 'PF00679', 'PF00333', 'PF11987', 'PF00318', 'PF01912', 'TIGR02338', 'TIGR00419', 'PF01982', 'PF06418', 'PF01866', 'PF00298', 'PF07541', 'PF00181', 'PF01198'], 'GCN2': ['TIGR03677', 'PF00623', 'PF00832', 'PF09249', 'TIGR00425', 'PF00203', 'PF05000', 'PF01667', 'PF04560', 'PF04561', 'PF00276', 'TIGR00432', 'TIGR00468', 'PF04997', 'PF04983', 'PF08068', 'PF03947', 'TIGR00392', 'TIGR02389', 'TIGR00329', 'PF01193', 'PF01780', 'PF00237', 'PF04127', 'PF00752', 'PF13685', 'PF00562', 'PF01172', 'TIGR00336'], 'GCN3': ['TIGR03685', 'PF04567', 'PF04566', 'PF04565'], 'GCN4': ['PF01287', 'TIGR02153', 'TIGR00134', 'PF03484'], 'GCN5+': ['TIGR02076']}
EGM_Bin2_renamed	{'marker lineage': 'k__Archaea', '# genomes': 207, '# markers': 145, '# marker sets': 103, '0': 21, '1': 94, '2': 24, '3': 2, '4': 3, '5+': 1, 'Completeness': 85.1194921583271, 'Contamination': 29.16355489171023, 'GC': 0.3412652486968863, 'GC std': 0.02216345490499504, 'Genome size': 3573748, '# ambiguous bases': 0, '# scaffolds': 2476, '# contigs': 2476, 'Longest scaffold': 4039, 'Longest contig': 4039, 'N50 (scaffolds)': 1433, 'N50 (contigs)': 1433, 'Mean scaffold length': 1443.3554119547657, 'Mean contig length': 1443.3554119547657, 'Coding density': 0.903223170743992, 'Translation table': 11, '# predicted genes': 5563, 'GCN0': ['PF00832', 'TIGR03685', 'TIGR00425', 'TIGR00442', 'TIGR00289', 'TIGR00422', 'TIGR00432', 'PF00189', 'PF00749', 'TIGR00549', 'TIGR03679', 'TIGR00670', 'TIGR01213', 'TIGR00392', 'TIGR02389', 'PF01193', 'TIGR01046', 'TIGR02076', 'PF01000', 'PF01172', 'PF01198'], 'GCN1': ['PF01246', 'TIGR03677', 'PF00366', 'TIGR03683', 'PF00572', 'PF02005', 'TIGR00057', 'PF09377', 'PF00623', 'PF00687', 'PF01922', 'PF00958', 'PF00203', 'PF02978', 'TIGR01018', 'PF01725', 'PF04019', 'PF01191', 'PF01351', 'TIGR00522', 'PF00312', 'PF04010', 'PF04567', 'PF01667', 'PF00297', 'PF01092', 'PF00466', 'PF06026', 'PF00380', 'PF01200', 'PF04560', 'PF00833', 'PF13656', 'PF03876', 'PF00276', 'TIGR03724', 'PF01201', 'PF04566', 'PF00416', 'PF01269', 'PF05746', 'PF04997', 'PF01287', 'PF03874', 'PF01194', 'PF09173', 'PF01655', 'PF01015', 'PF03950', 'PF00411', 'PF01798', 'PF01280', 'PF08068', 'PF01984', 'TIGR00344', 'PF00827', 'PF01849', 'PF01981', 'PF04919', 'PF00867', 'PF01192', 'PF05221', 'PF00164', 'PF08069', 'PF00750', 'PF03947', 'PF01090', 'PF08071', 'PF00252', 'PF01157', 'PF00861', 'PF00177', 'PF00573', 'PF03439', 'PF01780', 'PF00237', 'PF00347', 'PF00318', 'PF04127', 'PF01912', 'PF00238', 'TIGR00419', 'PF00752', 'PF01982', 'TIGR01080', 'PF01868', 'PF06418', 'PF00831', 'PF01866', 'PF00298', 'PF03484', 'PF07541', 'PF00900', 'PF00181'], 'GCN2': ['PF00410', 'PF09249', 'PF00935', 'TIGR00389', 'PF04563', 'PF05000', 'PF00281', 'PF03719', 'PF00398', 'PF04561', 'PF00673', 'PF03764', 'PF00327', 'PF04983', 'PF00736', 'PF00679', 'PF00333', 'TIGR02153', 'PF11987', 'TIGR02338', 'PF13685', 'PF00562', 'TIGR00134', 'TIGR00064'], 'GCN3': ['PF04565', 'TIGR00408'], 'GCN4': ['TIGR03665', 'TIGR00468', 'TIGR00336'], 'GCN5+': ['TIGR00329']}
HM58_Bin_renamed	{'marker lineage': 'k__Archaea', '# genomes': 207, '# markers': 145, '# marker sets': 103, '0': 13, '1': 98, '2': 27, '3': 4, '4': 2, '5+': 1, 'Completeness': 90.21657953696788, 'Contamination': 34.192183221309435, 'GC': 0.33460267057994053, 'GC std': 0.01795108733660091, 'Genome size': 3660703, '# ambiguous bases': 0, '# scaffolds': 1813, '# contigs': 1813, 'Longest scaffold': 20356, 'Longest contig': 20356, 'N50 (scaffolds)': 1740, 'N50 (contigs)': 1740, 'Mean scaffold length': 2019.1412024269166, 'Mean contig length': 2019.1412024269166, 'Coding density': 0.8962114653933958, 'Translation table': 11, '# predicted genes': 5514, 'GCN0': ['TIGR03677', 'TIGR03683', 'PF02005', 'TIGR03685', 'PF01191', 'PF01200', 'TIGR00432', 'PF01269', 'TIGR00344', 'TIGR01046', 'TIGR00419', 'PF00752', 'PF00181'], 'GCN1': ['PF01246', 'PF00572', 'PF09377', 'PF00832', 'PF09249', 'PF00935', 'TIGR00425', 'PF00687', 'PF01922', 'PF04563', 'PF00958', 'PF00203', 'PF02978', 'PF05000', 'TIGR01018', 'PF01725', 'PF04019', 'TIGR00522', 'PF04010', 'PF04567', 'PF01667', 'TIGR00442', 'PF00297', 'PF01092', 'PF00466', 'TIGR00289', 'PF06026', 'PF00380', 'PF04560', 'PF04561', 'PF00833', 'PF13656', 'TIGR03724', 'PF04566', 'PF00416', 'TIGR00468', 'PF00189', 'PF00749', 'PF05746', 'PF03764', 'PF03874', 'PF01194', 'PF09173', 'TIGR03679', 'PF01655', 'PF01015', 'PF03950', 'PF00411', 'PF01798', 'PF01280', 'PF08068', 'PF01984', 'PF00827', 'TIGR00670', 'PF01849', 'PF01981', 'PF04565', 'PF04919', 'PF00867', 'PF01192', 'TIGR01213', 'PF05221', 'PF00164', 'PF08069', 'PF00750', 'PF03947', 'PF01090', 'TIGR00392', 'PF00252', 'PF01157', 'PF00861', 'PF01193', 'PF00573', 'PF03439', 'PF01000', 'PF00736', 'PF01780', 'PF00679', 'PF00333', 'TIGR02153', 'PF00347', 'PF11987', 'PF00318', 'PF04127', 'PF01912', 'PF00238', 'TIGR02338', 'PF01982', 'TIGR01080', 'PF06418', 'PF00831', 'PF01866', 'TIGR00064', 'PF00298', 'PF03484', 'PF07541', 'PF00900', 'PF01198'], 'GCN2': ['PF00366', 'PF00410', 'TIGR00057', 'PF00623', 'TIGR00389', 'PF00281', 'PF01351', 'PF00312', 'PF03719', 'PF00398', 'TIGR00422', 'PF03876', 'PF00276', 'PF01201', 'PF00673', 'PF04997', 'PF00327', 'PF01287', 'PF04983', 'TIGR02389', 'PF08071', 'PF00177', 'PF00237', 'PF00562', 'PF01868', 'PF01172', 'TIGR00336'], 'GCN3': ['TIGR03665', 'TIGR02076', 'TIGR00134', 'TIGR00408'], 'GCN4': ['TIGR00549', 'TIGR00329'], 'GCN5+': ['PF13685']}
XS87_02_renamed	{'marker lineage': 'k__Archaea', '# genomes': 207, '# markers': 145, '# marker sets': 103, '0': 29, '1': 111, '2': 5, '3': 0, '4': 0, '5+': 0, 'Completeness': 83.12173263629573, 'Contamination': 4.854368932038835, 'GC': 0.338647052587449, 'GC std': 0.018432769581397397, 'Genome size': 1660168, '# ambiguous bases': 0, '# scaffolds': 462, '# contigs': 462, 'Longest scaffold': 22020, 'Longest contig': 22020, 'N50 (scaffolds)': 3415, 'N50 (contigs)': 3415, 'Mean scaffold length': 3593.4372294372292, 'Mean contig length': 3593.4372294372292, 'Coding density': 0.8985096689009787, 'Translation table': 11, '# predicted genes': 2357, 'GCN0': ['TIGR03683', 'TIGR01018', 'PF04566', 'PF01269', 'PF01655', 'TIGR00670', 'PF04565', 'PF01157', 'PF03439', 'PF00318', 'PF00181', 'PF04563', 'TIGR00432', 'PF05746', 'TIGR03679', 'PF03947', 'PF01982', 'TIGR00289', 'PF04561', 'TIGR00329', 'TIGR03677', 'PF01191', 'PF00327', 'PF03874', 'PF01280', 'TIGR00344', 'PF04919', 'TIGR01046', 'PF00298'], 'GCN1': ['TIGR00389', 'TIGR00425', 'PF00203', 'PF04567', 'PF03719', 'PF00398', 'TIGR00442', 'TIGR00422', 'PF01200', 'PF00189', 'PF03950', 'PF08068', 'PF01849', 'PF00867', 'PF01090', 'PF01193', 'PF01000', 'PF00736', 'PF00679', 'PF00347', 'TIGR02338', 'TIGR00419', 'PF13685', 'TIGR01080', 'PF06418', 'PF01866', 'PF07541', 'PF01246', 'PF09377', 'PF09249', 'TIGR03685', 'PF01922', 'PF00958', 'PF00281', 'PF00312', 'PF01092', 'PF06026', 'PF00833', 'PF03876', 'PF01201', 'PF00673', 'PF01287', 'PF01194', 'TIGR00549', 'PF09173', 'PF01798', 'PF01981', 'PF01192', 'PF00750', 'TIGR00392', 'PF00573', 'PF00333', 'PF11987', 'PF01912', 'PF00562', 'PF01172', 'PF00900', 'TIGR00336', 'TIGR03665', 'PF00572', 'PF02005', 'PF00623', 'PF00832', 'PF05000', 'PF01725', 'PF01351', 'PF00466', 'PF00380', 'PF04560', 'PF13656', 'PF00276', 'TIGR03724', 'PF00416', 'TIGR00468', 'PF03764', 'PF04983', 'PF01015', 'PF00411', 'PF00164', 'PF08071', 'PF00252', 'PF01780', 'TIGR02153', 'PF01868', 'TIGR00134', 'PF03484', 'PF00366', 'PF00410', 'PF00935', 'PF00687', 'PF04019', 'TIGR00522', 'PF04010', 'PF01667', 'PF00297', 'PF00749', 'PF04997', 'PF01984', 'PF00827', 'PF05221', 'PF08069', 'TIGR02389', 'PF00861', 'PF00177', 'PF00237', 'PF04127', 'PF00238', 'PF00752', 'PF00831', 'TIGR00064', 'PF01198'], 'GCN2': ['TIGR00057', 'TIGR00408', 'PF02978', 'TIGR02076', 'TIGR01213'], 'GCN3': [], 'GCN4': [], 'GCN5+': []}
HM79_Bin_renamed	{'marker lineage': 'k__Archaea', '# genomes': 207, '# markers': 145, '# marker sets': 103, '0': 27, '1': 99, '2': 15, '3': 4, '4': 0, '5+': 0, 'Completeness': 79.77346278317151, 'Contamination': 17.718446601941746, 'GC': 0.34165908880997736, 'GC std': 0.020670231337470337, 'Genome size': 2663462, '# ambiguous bases': 0, '# scaffolds': 1469, '# contigs': 1469, 'Longest scaffold': 9357, 'Longest contig': 9357, 'N50 (scaffolds)': 1360, 'N50 (contigs)': 1360, 'Mean scaffold length': 1813.1123213070116, 'Mean contig length': 1813.1123213070116, 'Coding density': 0.8440976443440905, 'Translation table': 11, '# predicted genes': 3981, 'GCN0': ['TIGR03683', 'TIGR00425', 'PF01200', 'PF08068', 'PF03439', 'PF00736', 'PF13685', 'PF00181', 'PF01246', 'PF09377', 'TIGR03685', 'TIGR00432', 'TIGR00549', 'TIGR03679', 'PF03947', 'TIGR00392', 'PF00333', 'PF01172', 'TIGR00289', 'TIGR03724', 'TIGR01213', 'PF03484', 'TIGR00522', 'PF01667', 'TIGR00344', 'TIGR01046', 'PF00298'], 'GCN1': ['TIGR00389', 'PF04567', 'PF03719', 'TIGR00442', 'TIGR00422', 'PF04566', 'PF00189', 'PF01269', 'PF01655', 'PF03950', 'PF04565', 'PF00867', 'PF01090', 'PF01157', 'PF00347', 'PF00318', 'TIGR02338', 'TIGR00419', 'TIGR01080', 'PF06418', 'PF01866', 'PF07541', 'PF01922', 'PF04563', 'PF02978', 'PF00312', 'PF01092', 'PF06026', 'PF00833', 'PF03876', 'PF01201', 'PF05746', 'PF01287', 'PF01194', 'PF09173', 'PF01798', 'PF01981', 'PF01192', 'PF00750', 'PF00573', 'PF11987', 'PF01912', 'PF01982', 'PF00562', 'PF00900', 'TIGR00336', 'TIGR03665', 'PF00572', 'PF02005', 'PF00623', 'PF00832', 'PF05000', 'PF01725', 'PF01351', 'PF00466', 'PF00380', 'PF04560', 'PF04561', 'PF13656', 'PF00276', 'PF00416', 'TIGR00468', 'PF03764', 'PF04983', 'PF01015', 'PF00411', 'PF00164', 'PF08071', 'TIGR00329', 'PF00252', 'TIGR02153', 'PF01868', 'TIGR00134', 'TIGR03677', 'PF00366', 'PF00935', 'PF00687', 'PF04019', 'PF01191', 'PF04010', 'PF00297', 'PF00749', 'PF04997', 'PF00327', 'PF03874', 'PF01280', 'PF01984', 'PF00827', 'PF04919', 'PF05221', 'TIGR02389', 'PF00861', 'PF00177', 'PF04127', 'PF00238', 'PF00752', 'PF00831', 'TIGR00064', 'PF01198'], 'GCN2': ['TIGR00057', 'PF00203', 'TIGR01018', 'PF00398', 'TIGR00670', 'PF01193', 'PF01000', 'PF00679', 'PF00958', 'PF00281', 'PF00673', 'TIGR02076', 'PF01780', 'PF00410', 'PF00237'], 'GCN3': ['PF01849', 'TIGR00408', 'PF09249', 'PF08069'], 'GCN4': [], 'GCN5+': []}
HM82_Bin2_renamed	{'marker lineage': 'k__Archaea', '# genomes': 207, '# markers': 145, '# marker sets': 103, '0': 17, '1': 93, '2': 26, '3': 5, '4': 4, '5+': 0, 'Completeness': 91.52352501867065, 'Contamination': 42.07119741100323, 'GC': 0.3340196294084991, 'GC std': 0.016178947430654435, 'Genome size': 2386725, '# ambiguous bases': 0, '# scaffolds': 613, '# contigs': 613, 'Longest scaffold': 26065, 'Longest contig': 26065, 'N50 (scaffolds)': 3713, 'N50 (contigs)': 3713, 'Mean scaffold length': 3893.515497553018, 'Mean contig length': 3893.515497553018, 'Coding density': 0.9107944987378102, 'Translation table': 11, '# predicted genes': 3319, 'GCN0': ['TIGR03683', 'TIGR00389', 'PF03719', 'PF00679', 'TIGR00419', 'TIGR03685', 'PF04563', 'PF01981', 'PF00333', 'PF02005', 'PF03764', 'PF01868', 'PF01191', 'PF00327', 'TIGR00344', 'TIGR02389', 'PF00831'], 'GCN1': ['TIGR00057', 'PF00203', 'TIGR01018', 'PF04567', 'PF00398', 'TIGR00442', 'PF01200', 'PF04566', 'PF00189', 'PF01269', 'PF01655', 'PF03950', 'TIGR00670', 'PF04565', 'PF01090', 'PF01157', 'PF01193', 'PF03439', 'PF01000', 'PF00347', 'PF00318', 'TIGR02338', 'TIGR01080', 'PF01866', 'PF01246', 'PF01922', 'PF00281', 'PF00312', 'PF06026', 'PF00833', 'PF03876', 'PF01201', 'PF00673', 'PF05746', 'PF01287', 'PF01194', 'TIGR03679', 'PF01798', 'PF01192', 'PF00750', 'PF00573', 'PF11987', 'PF01912', 'PF01982', 'PF00562', 'PF01172', 'PF00900', 'PF00572', 'PF00623', 'PF00832', 'PF05000', 'PF01725', 'PF01351', 'PF00466', 'TIGR00289', 'PF00380', 'PF04560', 'PF04561', 'PF13656', 'PF00276', 'TIGR03724', 'PF00416', 'PF04983', 'PF01015', 'PF00411', 'PF00164', 'PF08071', 'TIGR00329', 'PF00252', 'PF01780', 'TIGR03677', 'PF00366', 'PF00410', 'PF00687', 'PF04019', 'TIGR00522', 'PF04010', 'PF01667', 'PF00297', 'PF00749', 'PF04997', 'PF03874', 'PF01280', 'PF00827', 'PF04919', 'PF05221', 'PF08069', 'PF00177', 'TIGR01046', 'PF00237', 'PF00238', 'PF00298', 'PF01198'], 'GCN2': ['TIGR00425', 'PF08068', 'PF00867', 'PF00736', 'PF13685', 'PF07541', 'PF00181', 'PF09377', 'PF02978', 'PF01092', 'TIGR00432', 'TIGR00549', 'PF09173', 'PF03947', 'TIGR00392', 'TIGR03665', 'TIGR00468', 'TIGR01213', 'TIGR02153', 'TIGR00134', 'PF00935', 'PF01984', 'PF00861', 'PF04127', 'PF00752', 'TIGR00064'], 'GCN3': ['TIGR00422', 'PF00958', 'TIGR02076', 'TIGR00336', 'PF03484'], 'GCN4': ['PF01849', 'PF06418', 'TIGR00408', 'PF09249'], 'GCN5+': []}
F_renamed	{'marker lineage': 'k__Archaea', '# genomes': 207, '# markers': 145, '# marker sets': 103, '0': 29, '1': 110, '2': 6, '3': 0, '4': 0, '5+': 0, 'Completeness': 76.46253422952451, 'Contamination': 4.368932038834951, 'GC': 0.35625606527261533, 'GC std': 0.020582038952750466, 'Genome size': 3428329, '# ambiguous bases': 0, '# scaffolds': 2048, '# contigs': 2048, 'Longest scaffold': 12612, 'Longest contig': 12612, 'N50 (scaffolds)': 1540, 'N50 (contigs)': 1540, 'Mean scaffold length': 1673.98876953125, 'Mean contig length': 1673.98876953125, 'Coding density': 0.8286173818207062, 'Translation table': 11, '# predicted genes': 5341, 'GCN0': ['TIGR03683', 'TIGR00389', 'TIGR01018', 'PF00398', 'TIGR00422', 'PF13685', 'TIGR01080', 'PF01866', 'PF00181', 'TIGR03685', 'PF02978', 'PF00833', 'PF03876', 'TIGR00432', 'TIGR00549', 'TIGR03679', 'TIGR00392', 'TIGR02076', 'PF11987', 'TIGR00289', 'TIGR01213', 'TIGR02153', 'TIGR00134', 'PF00297', 'PF04919', 'TIGR02389', 'TIGR01046', 'PF04127', 'TIGR00064'], 'GCN1': ['TIGR00057', 'TIGR00425', 'PF00203', 'PF04567', 'PF03719', 'TIGR00442', 'PF01200', 'PF04566', 'PF00189', 'PF01269', 'PF01655', 'PF03950', 'PF08068', 'TIGR00670', 'PF01849', 'PF04565', 'PF00867', 'PF01090', 'PF01157', 'PF03439', 'PF00736', 'PF00679', 'PF00347', 'PF00318', 'TIGR02338', 'TIGR00419', 'PF06418', 'TIGR00408', 'PF07541', 'PF01246', 'PF09377', 'PF09249', 'PF01922', 'PF04563', 'PF00958', 'PF00281', 'PF00312', 'PF01092', 'PF06026', 'PF01201', 'PF00673', 'PF05746', 'PF01287', 'PF01194', 'PF09173', 'PF01798', 'PF01981', 'PF03947', 'PF00573', 'PF00333', 'PF01912', 'PF01982', 'PF00562', 'PF01172', 'PF00900', 'TIGR00336', 'TIGR03665', 'PF00572', 'PF02005', 'PF00623', 'PF00832', 'PF05000', 'PF01725', 'PF01351', 'PF00466', 'PF00380', 'PF04560', 'PF04561', 'PF13656', 'PF00276', 'TIGR03724', 'PF00416', 'PF03764', 'PF04983', 'PF01015', 'PF00411', 'PF00164', 'PF08071', 'TIGR00329', 'PF00252', 'PF01780', 'PF01868', 'TIGR03677', 'PF00366', 'PF00410', 'PF00935', 'PF00687', 'PF04019', 'PF01191', 'TIGR00522', 'PF04010', 'PF01667', 'PF00749', 'PF04997', 'PF00327', 'PF03874', 'PF01280', 'PF01984', 'TIGR00344', 'PF00827', 'PF05221', 'PF08069', 'PF00861', 'PF00177', 'PF00237', 'PF00238', 'PF00752', 'PF00831', 'PF00298', 'PF01198'], 'GCN2': ['PF01193', 'PF01000', 'PF01192', 'PF00750', 'TIGR00468', 'PF03484'], 'GCN3': [], 'GCN4': [], 'GCN5+': []}
HM81_Bin1_renamed	{'marker lineage': 'k__Archaea', '# genomes': 207, '# markers': 145, '# marker sets': 103, '0': 41, '1': 94, '2': 9, '3': 1, '4': 0, '5+': 0, 'Completeness': 70.57505601194921, 'Contamination': 9.223300970873787, 'GC': 0.3514796511327151, 'GC std': 0.017254718554017365, 'Genome size': 3479604, '# ambiguous bases': 0, '# scaffolds': 2945, '# contigs': 2945, 'Longest scaffold': 16472, 'Longest contig': 16472, 'N50 (scaffolds)': 1067, 'N50 (contigs)': 1067, 'Mean scaffold length': 1181.5293718166383, 'Mean contig length': 1181.5293718166383, 'Coding density': 0.839185148654847, 'Translation table': 11, '# predicted genes': 5777, 'GCN0': ['TIGR03683', 'TIGR00057', 'TIGR00389', 'TIGR00425', 'TIGR01018', 'PF03719', 'TIGR00422', 'TIGR00670', 'PF01849', 'TIGR00419', 'TIGR00408', 'PF01866', 'PF07541', 'TIGR03685', 'PF00833', 'PF03876', 'TIGR00432', 'PF01287', 'PF01192', 'TIGR00392', 'PF00333', 'PF00900', 'PF02005', 'PF00832', 'PF05000', 'PF04560', 'TIGR03724', 'PF04983', 'PF08071', 'PF00252', 'TIGR00134', 'TIGR03677', 'TIGR00522', 'PF01667', 'PF01280', 'TIGR00344', 'PF00827', 'TIGR02389', 'PF00861', 'PF00177', 'PF01198'], 'GCN1': ['PF00203', 'PF04567', 'TIGR00442', 'PF01200', 'PF04566', 'PF00189', 'PF01655', 'PF03950', 'PF08068', 'PF04565', 'PF01090', 'PF01193', 'PF03439', 'PF01000', 'PF00736', 'PF00679', 'PF00347', 'TIGR02338', 'TIGR01080', 'PF06418', 'PF00181', 'PF01246', 'PF09377', 'PF09249', 'PF01922', 'PF04563', 'PF00958', 'PF02978', 'PF00281', 'PF00312', 'PF01092', 'PF06026', 'PF01201', 'PF05746', 'PF01194', 'TIGR00549', 'PF09173', 'TIGR03679', 'PF01798', 'PF01981', 'PF00750', 'PF03947', 'PF00573', 'PF11987', 'PF01912', 'PF01982', 'PF00562', 'PF01172', 'PF00572', 'PF00623', 'PF01725', 'PF01351', 'PF00466', 'TIGR00289', 'PF00380', 'PF04561', 'PF13656', 'PF00276', 'PF00416', 'TIGR00468', 'PF03764', 'PF01015', 'PF00411', 'TIGR01213', 'PF00164', 'TIGR00329', 'PF01780', 'TIGR02153', 'PF01868', 'PF03484', 'PF00366', 'PF00410', 'PF00935', 'PF00687', 'PF04019', 'PF01191', 'PF04010', 'PF00297', 'PF00749', 'PF04997', 'PF00327', 'PF03874', 'PF01984', 'PF04919', 'PF05221', 'PF08069', 'TIGR01046', 'PF00237', 'PF04127', 'PF00238', 'PF00752', 'PF00831', 'TIGR00064', 'PF00298'], 'GCN2': ['PF01269', 'PF00867', 'PF01157', 'PF00318', 'PF13685', 'PF00673', 'TIGR02076', 'TIGR00336', 'TIGR03665'], 'GCN3': ['PF00398'], 'GCN4': [], 'GCN5+': []}
SB_01_renamed	{'marker lineage': 'k__Archaea', '# genomes': 207, '# markers': 145, '# marker sets': 103, '0': 37, '1': 99, '2': 6, '3': 2, '4': 0, '5+': 1, 'Completeness': 74.46477470749316, 'Contamination': 12.055016181229773, 'GC': 0.3421451503883521, 'GC std': 0.020991666915564602, 'Genome size': 2886427, '# ambiguous bases': 0, '# scaffolds': 2175, '# contigs': 2175, 'Longest scaffold': 1476, 'Longest contig': 1476, 'N50 (scaffolds)': 1339, 'N50 (contigs)': 1339, 'Mean scaffold length': 1327.0928735632183, 'Mean contig length': 1327.0928735632183, 'Coding density': 0.8724187377681819, 'Translation table': 11, '# predicted genes': 4902, 'GCN0': ['TIGR03683', 'TIGR00057', 'TIGR01018', 'PF03719', 'PF00398', 'TIGR00422', 'PF01200', 'PF01269', 'PF03950', 'PF01866', 'PF01246', 'PF09249', 'TIGR03685', 'PF00833', 'PF01201', 'TIGR03679', 'PF01798', 'TIGR00392', 'PF00562', 'TIGR03665', 'PF00832', 'PF05000', 'PF01725', 'TIGR00289', 'PF04560', 'TIGR03724', 'PF01868', 'PF00410', 'PF00687', 'TIGR00522', 'PF00297', 'PF04997', 'TIGR00344', 'TIGR02389', 'PF04127', 'TIGR00064', 'PF01198'], 'GCN1': ['TIGR00389', 'TIGR00425', 'PF00203', 'PF04567', 'TIGR00442', 'PF04566', 'PF00189', 'PF01655', 'PF08068', 'TIGR00670', 'PF01849', 'PF04565', 'PF00867', 'PF01090', 'PF01157', 'PF01193', 'PF03439', 'PF01000', 'PF00736', 'PF00679', 'PF00347', 'PF00318', 'TIGR02338', 'TIGR00419', 'TIGR01080', 'PF06418', 'TIGR00408', 'PF07541', 'PF00181', 'PF09377', 'PF01922', 'PF04563', 'PF00958', 'PF02978', 'PF00281', 'PF00312', 'PF01092', 'PF06026', 'PF03876', 'PF00673', 'PF05746', 'PF01287', 'PF01194', 'TIGR00549', 'PF09173', 'PF01981', 'PF01192', 'PF00750', 'PF03947', 'TIGR02076', 'PF00333', 'PF11987', 'PF01912', 'PF01982', 'PF01172', 'PF00900', 'PF00572', 'PF02005', 'PF00623', 'PF01351', 'PF00466', 'PF00380', 'PF04561', 'PF13656', 'PF00416', 'TIGR00468', 'PF03764', 'PF04983', 'PF01015', 'PF00411', 'TIGR01213', 'PF00164', 'PF08071', 'PF00252', 'PF01780', 'TIGR00134', 'PF03484', 'TIGR03677', 'PF00366', 'PF00935', 'PF04019', 'PF01191', 'PF04010', 'PF01667', 'PF00749', 'PF00327', 'PF01280', 'PF01984', 'PF00827', 'PF04919', 'PF05221', 'PF08069', 'PF00861', 'PF00177', 'TIGR01046', 'PF00238', 'PF00752', 'PF00831', 'PF00298'], 'GCN2': ['TIGR00432', 'PF00573', 'TIGR00336', 'PF00276', 'PF03874', 'PF00237'], 'GCN3': ['TIGR00329', 'TIGR02153'], 'GCN4': [], 'GCN5+': ['PF13685']}
XS87_01_renamed	{'marker lineage': 'k__Archaea', '# genomes': 207, '# markers': 145, '# marker sets': 103, '0': 26, '1': 100, '2': 11, '3': 8, '4': 0, '5+': 0, 'Completeness': 84.01792382374907, 'Contamination': 18.84490913617127, 'GC': 0.3404940492762865, 'GC std': 0.023537107784066792, 'Genome size': 3264897, '# ambiguous bases': 0, '# scaffolds': 2042, '# contigs': 2042, 'Longest scaffold': 17236, 'Longest contig': 17236, 'N50 (scaffolds)': 1434, 'N50 (contigs)': 1434, 'Mean scaffold length': 1598.8721841332028, 'Mean contig length': 1598.8721841332028, 'Coding density': 0.8788068965115898, 'Translation table': 11, '# predicted genes': 5437, 'GCN0': ['TIGR03683', 'TIGR01018', 'PF04567', 'TIGR00422', 'PF04566', 'PF01193', 'PF06418', 'TIGR03685', 'PF04563', 'PF00958', 'TIGR00432', 'PF01981', 'PF01192', 'PF00750', 'TIGR00336', 'PF04560', 'PF04561', 'PF00416', 'PF03764', 'TIGR01213', 'PF01191', 'TIGR00344', 'PF00827', 'TIGR01046', 'PF04127', 'PF01198'], 'GCN1': ['TIGR00389', 'TIGR00425', 'PF00203', 'PF03719', 'PF00398', 'TIGR00442', 'PF01200', 'PF00189', 'PF01269', 'PF01655', 'PF08068', 'TIGR00670', 'PF01849', 'PF04565', 'PF00867', 'PF01090', 'PF01157', 'PF03439', 'PF01000', 'PF00736', 'PF00679', 'PF00347', 'PF00318', 'TIGR02338', 'TIGR00419', 'TIGR01080', 'PF01866', 'PF07541', 'PF00181', 'PF01246', 'PF09377', 'PF09249', 'PF01922', 'PF02978', 'PF00312', 'PF01092', 'PF06026', 'PF00833', 'PF03876', 'PF01201', 'PF05746', 'PF01287', 'PF01194', 'TIGR00549', 'PF09173', 'TIGR03679', 'PF01798', 'PF03947', 'TIGR00392', 'PF00573', 'PF00333', 'PF11987', 'PF01912', 'PF01982', 'PF00562', 'PF01172', 'PF00572', 'PF02005', 'PF00623', 'PF00832', 'PF01725', 'PF01351', 'TIGR00289', 'PF00380', 'PF13656', 'PF00276', 'TIGR03724', 'TIGR00468', 'PF04983', 'PF01015', 'PF00411', 'PF00164', 'TIGR00329', 'PF00252', 'PF01780', 'TIGR02153', 'PF01868', 'TIGR00134', 'TIGR03677', 'PF00366', 'PF00410', 'PF00687', 'PF04019', 'TIGR00522', 'PF04010', 'PF00749', 'PF04997', 'PF00327', 'PF03874', 'PF01280', 'PF01984', 'PF04919', 'PF08069', 'TIGR02389', 'PF00861', 'PF00177', 'PF00237', 'PF00238', 'PF00752', 'PF00831'], 'GCN2': ['PF03950', 'TIGR03665', 'PF05000', 'PF00466', 'PF08071', 'PF03484', 'PF00935', 'PF01667', 'PF00297', 'PF05221', 'PF00298'], 'GCN3': ['TIGR00057', 'PF13685', 'TIGR00408', 'PF00281', 'PF00673', 'TIGR02076', 'PF00900', 'TIGR00064'], 'GCN4': [], 'GCN5+': []}
XS83_02_renamed	{'marker lineage': 'k__Archaea', '# genomes': 207, '# markers': 145, '# marker sets': 103, '0': 10, '1': 101, '2': 27, '3': 6, '4': 1, '5+': 0, 'Completeness': 92.56285785412, 'Contamination': 32.076176250933536, 'GC': 0.3360583410607996, 'GC std': 0.018688146449571313, 'Genome size': 2672286, '# ambiguous bases': 0, '# scaffolds': 780, '# contigs': 780, 'Longest scaffold': 10441, 'Longest contig': 10441, 'N50 (scaffolds)': 3253, 'N50 (contigs)': 3253, 'Mean scaffold length': 3426.007692307692, 'Mean contig length': 3426.007692307692, 'Coding density': 0.9046382011506253, 'Translation table': 11, '# predicted genes': 3810, 'GCN0': ['PF00398', 'PF00189', 'PF00736', 'PF01866', 'PF09249', 'TIGR00432', 'TIGR00549', 'PF00562', 'PF00297', 'TIGR01046'], 'GCN1': ['TIGR03683', 'TIGR00389', 'TIGR00425', 'PF00203', 'PF04567', 'PF03719', 'TIGR00442', 'TIGR00422', 'PF01200', 'PF04566', 'PF01655', 'PF03950', 'PF08068', 'PF01849', 'PF04565', 'PF00867', 'PF01090', 'PF01157', 'PF01193', 'PF03439', 'PF01000', 'PF00679', 'PF00347', 'PF00318', 'TIGR00419', 'TIGR01080', 'PF06418', 'PF07541', 'PF00181', 'PF01246', 'PF09377', 'PF00958', 'PF00281', 'PF00312', 'PF01092', 'PF06026', 'PF00833', 'PF03876', 'PF01201', 'PF00673', 'PF05746', 'PF01194', 'PF09173', 'PF01981', 'PF01192', 'PF00750', 'PF00573', 'TIGR02076', 'PF00333', 'PF11987', 'PF01912', 'PF01982', 'PF01172', 'PF00900', 'PF00572', 'PF00832', 'PF01725', 'PF01351', 'PF00466', 'PF00380', 'PF04560', 'PF13656', 'PF00276', 'TIGR03724', 'PF00416', 'PF03764', 'PF01015', 'PF00411', 'PF00164', 'PF08071', 'PF00252', 'TIGR02153', 'PF01868', 'PF03484', 'TIGR03677', 'PF00366', 'PF00410', 'PF00935', 'PF00687', 'PF04019', 'PF01667', 'PF00749', 'PF00327', 'PF03874', 'PF01280', 'PF01984', 'TIGR00344', 'PF00827', 'PF04919', 'PF05221', 'PF08069', 'TIGR02389', 'PF00861', 'PF00177', 'PF00237', 'PF04127', 'PF00238', 'PF00831', 'TIGR00064', 'PF00298', 'PF01198'], 'GCN2': ['TIGR00057', 'TIGR01018', 'PF01269', 'TIGR02338', 'TIGR00408', 'PF01922', 'PF04563', 'TIGR03679', 'PF01798', 'PF03947', 'TIGR00392', 'TIGR00336', 'TIGR03665', 'PF02005', 'PF00623', 'PF05000', 'TIGR00289', 'PF04561', 'TIGR00468', 'PF04983', 'PF01780', 'TIGR00134', 'PF01191', 'TIGR00522', 'PF04010', 'PF04997', 'PF00752'], 'GCN3': ['TIGR00670', 'PF13685', 'TIGR03685', 'PF02978', 'PF01287', 'TIGR01213'], 'GCN4': ['TIGR00329'], 'GCN5+': []}
HM45_Bin2_renamed	{'marker lineage': 'k__Archaea', '# genomes': 207, '# markers': 145, '# marker sets': 103, '0': 38, '1': 91, '2': 12, '3': 2, '4': 0, '5+': 2, 'Completeness': 76.40029873039582, 'Contamination': 20.70575056011949, 'GC': 0.34057418526233624, 'GC std': 0.0216874339366255, 'Genome size': 3525552, '# ambiguous bases': 0, '# scaffolds': 3828, '# contigs': 3828, 'Longest scaffold': 3650, 'Longest contig': 3650, 'N50 (scaffolds)': 923, 'N50 (contigs)': 923, 'Mean scaffold length': 920.9905956112852, 'Mean contig length': 920.9905956112852, 'Coding density': 0.857638747067126, 'Translation table': 11, '# predicted genes': 6860, 'GCN0': ['TIGR03683', 'TIGR00442', 'TIGR00422', 'PF03950', 'PF01157', 'PF03439', 'PF00679', 'TIGR01080', 'PF00181', 'TIGR03685', 'PF03876', 'TIGR00432', 'PF01287', 'PF01194', 'TIGR00549', 'TIGR03679', 'PF00750', 'TIGR00392', 'PF00333', 'PF00562', 'PF00900', 'PF02005', 'PF00832', 'PF01351', 'TIGR00289', 'PF04560', 'TIGR00468', 'PF03764', 'PF04983', 'PF08071', 'PF01191', 'PF01667', 'PF00297', 'TIGR00344', 'TIGR01046', 'PF04127', 'TIGR00064', 'PF01198'], 'GCN1': ['TIGR00425', 'PF00203', 'PF04567', 'PF03719', 'PF00398', 'PF01200', 'PF04566', 'PF01269', 'PF01655', 'PF08068', 'TIGR00670', 'PF01849', 'PF00867', 'PF01090', 'PF01000', 'PF00347', 'PF00318', 'TIGR02338', 'TIGR00419', 'PF13685', 'PF06418', 'PF01866', 'PF07541', 'PF01246', 'PF09377', 'PF09249', 'PF01922', 'PF04563', 'PF00958', 'PF02978', 'PF00281', 'PF00312', 'PF01092', 'PF06026', 'PF00833', 'PF01201', 'PF00673', 'PF09173', 'PF01798', 'PF01981', 'PF01192', 'PF03947', 'PF00573', 'PF01912', 'PF01982', 'TIGR03665', 'PF00572', 'PF00623', 'PF05000', 'PF01725', 'PF00466', 'PF00380', 'PF04561', 'PF13656', 'PF00276', 'TIGR03724', 'PF00416', 'PF01015', 'PF00411', 'TIGR01213', 'PF00164', 'PF00252', 'PF01780', 'TIGR02153', 'PF01868', 'PF03484', 'TIGR03677', 'PF00366', 'PF00410', 'PF00935', 'PF00687', 'PF04019', 'TIGR00522', 'PF04010', 'PF00749', 'PF04997', 'PF00327', 'PF03874', 'PF01280', 'PF01984', 'PF00827', 'PF04919', 'PF05221', 'PF08069', 'TIGR02389', 'PF00861', 'PF00177', 'PF00237', 'PF00238', 'PF00752', 'PF00831'], 'GCN2': ['TIGR00057', 'TIGR01018', 'PF00189', 'PF04565', 'PF01193', 'PF00736', 'PF05746', 'TIGR02076', 'PF11987', 'PF01172', 'TIGR00336', 'PF00298'], 'GCN3': ['TIGR00389', 'TIGR00329'], 'GCN4': [], 'GCN5+': ['TIGR00408', 'TIGR00134']}
XS83_01_renamed	{'marker lineage': 'k__Archaea', '# genomes': 207, '# markers': 145, '# marker sets': 103, '0': 10, '1': 107, '2': 22, '3': 4, '4': 2, '5+': 0, 'Completeness': 94.26811053024646, 'Contamination': 30.881254667662432, 'GC': 0.3361450247545498, 'GC std': 0.019206479751392624, 'Genome size': 2720308, '# ambiguous bases': 0, '# scaffolds': 798, '# contigs': 798, 'Longest scaffold': 10728, 'Longest contig': 10728, 'N50 (scaffolds)': 3236, 'N50 (contigs)': 3236, 'Mean scaffold length': 3408.907268170426, 'Mean contig length': 3408.907268170426, 'Coding density': 0.9032377951320218, 'Translation table': 11, '# predicted genes': 3865, 'GCN0': ['TIGR00442', 'PF00189', 'PF00867', 'PF01193', 'PF01866', 'PF00181', 'PF09249', 'TIGR00432', 'PF00562', 'TIGR02389'], 'GCN1': ['TIGR03683', 'TIGR00425', 'PF00203', 'TIGR01018', 'PF04567', 'PF03719', 'PF00398', 'TIGR00422', 'PF01200', 'PF04566', 'PF01269', 'PF01655', 'PF03950', 'PF08068', 'PF01849', 'PF04565', 'PF01090', 'PF01157', 'PF01000', 'PF00736', 'PF00679', 'PF00347', 'TIGR00419', 'TIGR01080', 'PF06418', 'PF07541', 'PF01246', 'PF09377', 'PF01922', 'PF04563', 'PF00958', 'PF00281', 'PF00312', 'PF06026', 'PF00833', 'PF03876', 'PF01201', 'PF00673', 'PF05746', 'PF01194', 'TIGR00549', 'TIGR03679', 'PF01798', 'PF01981', 'PF01192', 'PF00750', 'PF03947', 'PF00573', 'TIGR02076', 'PF00333', 'PF11987', 'PF01912', 'PF01982', 'PF01172', 'PF00900', 'PF00572', 'PF02005', 'PF00832', 'PF01725', 'PF01351', 'PF00466', 'TIGR00289', 'PF00380', 'PF04560', 'PF04561', 'PF13656', 'PF00276', 'TIGR03724', 'PF00416', 'PF03764', 'PF01015', 'PF00411', 'PF00164', 'PF08071', 'PF00252', 'TIGR02153', 'PF01868', 'PF03484', 'TIGR03677', 'PF00366', 'PF00410', 'PF00935', 'PF00687', 'PF04019', 'PF01191', 'TIGR00522', 'PF04010', 'PF01667', 'PF00297', 'PF00749', 'PF00327', 'PF03874', 'PF01280', 'PF01984', 'TIGR00344', 'PF00827', 'PF04919', 'PF05221', 'PF08069', 'PF00861', 'PF00177', 'TIGR01046', 'PF00237', 'PF00238', 'PF00752', 'PF00831', 'TIGR00064'], 'GCN2': ['TIGR00389', 'PF03439', 'PF00318', 'TIGR02338', 'TIGR00408', 'PF02978', 'PF01092', 'PF01287', 'PF09173', 'TIGR00392', 'TIGR00336', 'PF00623', 'PF05000', 'TIGR00468', 'PF04983', 'TIGR01213', 'PF01780', 'TIGR00134', 'PF04997', 'PF04127', 'PF00298', 'PF01198'], 'GCN3': ['TIGR00057', 'PF13685', 'TIGR03685', 'TIGR03665'], 'GCN4': ['TIGR00670', 'TIGR00329'], 'GCN5+': []}
HM81_Bin2_renamed	{'marker lineage': 'k__Archaea', '# genomes': 207, '# markers': 145, '# marker sets': 103, '0': 27, '1': 87, '2': 24, '3': 5, '4': 2, '5+': 0, 'Completeness': 82.8603435399552, 'Contamination': 29.81080408264874, 'GC': 0.3367311320859057, 'GC std': 0.024884698114345394, 'Genome size': 2260385, '# ambiguous bases': 0, '# scaffolds': 1515, '# contigs': 1515, 'Longest scaffold': 5253, 'Longest contig': 5253, 'N50 (scaffolds)': 1478, 'N50 (contigs)': 1478, 'Mean scaffold length': 1492.003300330033, 'Mean contig length': 1492.003300330033, 'Coding density': 0.9183634646310253, 'Translation table': 11, '# predicted genes': 3723, 'GCN0': ['TIGR03683', 'TIGR00425', 'TIGR00422', 'PF01269', 'PF00867', 'PF01090', 'PF01157', 'PF01866', 'PF00181', 'PF00281', 'PF00673', 'TIGR03679', 'TIGR00392', 'PF11987', 'PF01912', 'PF00900', 'PF04560', 'PF00276', 'TIGR01213', 'PF08071', 'PF00410', 'PF03874', 'TIGR00344', 'PF00827', 'TIGR02389', 'TIGR01046', 'PF04127'], 'GCN1': ['PF00203', 'PF04567', 'TIGR00442', 'PF01200', 'PF00189', 'PF01655', 'PF03950', 'PF08068', 'PF01849', 'PF01193', 'PF03439', 'PF01000', 'PF00679', 'PF00347', 'PF00318', 'TIGR02338', 'TIGR00419', 'TIGR01080', 'PF06418', 'PF07541', 'PF01246', 'PF09249', 'PF01922', 'PF00958', 'PF02978', 'PF01092', 'PF06026', 'PF00833', 'PF01201', 'TIGR00432', 'PF05746', 'PF01287', 'PF01194', 'TIGR00549', 'PF01981', 'PF01192', 'PF00750', 'PF03947', 'PF00573', 'PF00333', 'PF01982', 'PF00562', 'PF01172', 'PF00572', 'PF02005', 'PF00832', 'PF01725', 'PF01351', 'PF00466', 'TIGR00289', 'PF00380', 'PF13656', 'TIGR03724', 'PF00416', 'PF03764', 'PF01015', 'PF00411', 'PF00164', 'PF00252', 'TIGR02153', 'PF01868', 'PF03484', 'TIGR03677', 'PF00366', 'PF00935', 'PF00687', 'PF04019', 'PF01191', 'TIGR00522', 'PF04010', 'PF01667', 'PF00297', 'PF00749', 'PF04997', 'PF01280', 'PF01984', 'PF04919', 'PF05221', 'PF08069', 'PF00861', 'PF00177', 'PF00237', 'PF00238', 'PF00752', 'PF00831', 'TIGR00064', 'PF01198'], 'GCN2': ['TIGR00057', 'TIGR01018', 'PF03719', 'PF04566', 'PF04565', 'PF00736', 'TIGR00408', 'PF09377', 'TIGR03685', 'PF04563', 'PF00312', 'PF09173', 'PF01798', 'TIGR00336', 'TIGR03665', 'PF00623', 'PF05000', 'PF04561', 'TIGR00468', 'PF04983', 'TIGR00329', 'PF01780', 'PF00327', 'PF00298'], 'GCN3': ['TIGR00389', 'PF13685', 'PF03876', 'TIGR02076', 'TIGR00134'], 'GCN4': ['PF00398', 'TIGR00670'], 'GCN5+': []}
HM82_Bin1_renamed	{'marker lineage': 'k__Archaea', '# genomes': 207, '# markers': 145, '# marker sets': 103, '0': 12, '1': 104, '2': 21, '3': 5, '4': 3, '5+': 0, 'Completeness': 91.2621359223301, 'Contamination': 28.429176001991532, 'GC': 0.33394995185665843, 'GC std': 0.016513463658869798, 'Genome size': 3057536, '# ambiguous bases': 0, '# scaffolds': 821, '# contigs': 821, 'Longest scaffold': 16466, 'Longest contig': 16466, 'N50 (scaffolds)': 3519, 'N50 (contigs)': 3519, 'Mean scaffold length': 3724.1607795371497, 'Mean contig length': 3724.1607795371497, 'Coding density': 0.9066287363419433, 'Translation table': 11, '# predicted genes': 4255, 'GCN0': ['TIGR03683', 'TIGR00389', 'TIGR00670', 'PF00679', 'TIGR02338', 'TIGR03685', 'PF00312', 'PF03764', 'TIGR00344', 'PF08069', 'TIGR01046', 'PF04127'], 'GCN1': ['TIGR00057', 'TIGR00425', 'PF00203', 'TIGR01018', 'PF03719', 'PF00398', 'TIGR00442', 'TIGR00422', 'PF01200', 'PF00189', 'PF01269', 'PF01655', 'PF03950', 'PF08068', 'PF01849', 'PF00867', 'PF01090', 'PF01157', 'PF01193', 'PF01000', 'PF00736', 'PF00318', 'TIGR00419', 'TIGR01080', 'PF06418', 'PF01866', 'PF07541', 'PF00181', 'PF01246', 'PF09377', 'PF09249', 'PF01922', 'PF04563', 'PF02978', 'PF01092', 'PF06026', 'PF00833', 'PF03876', 'PF01201', 'PF05746', 'PF01287', 'PF01194', 'PF09173', 'PF01798', 'PF01981', 'PF01192', 'PF00750', 'PF03947', 'PF00573', 'TIGR02076', 'PF00333', 'PF11987', 'PF01912', 'PF01982', 'PF01172', 'PF00572', 'PF02005', 'PF00832', 'PF05000', 'PF01725', 'PF01351', 'PF00466', 'PF00380', 'PF04561', 'PF13656', 'PF00276', 'TIGR03724', 'PF00416', 'TIGR00468', 'PF01015', 'PF00411', 'TIGR01213', 'PF00164', 'TIGR00329', 'PF00252', 'PF01780', 'PF01868', 'TIGR03677', 'PF00366', 'PF00935', 'PF00687', 'PF04019', 'PF01191', 'TIGR00522', 'PF04010', 'PF01667', 'PF00297', 'PF00749', 'PF00327', 'PF03874', 'PF01280', 'PF01984', 'PF00827', 'PF04919', 'PF05221', 'TIGR02389', 'PF00861', 'PF00177', 'PF00237', 'PF00238', 'PF00752', 'PF00831', 'TIGR00064', 'PF01198'], 'GCN2': ['PF04567', 'PF04566', 'PF04565', 'PF03439', 'PF00347', 'PF00958', 'PF00281', 'TIGR00432', 'PF00673', 'TIGR03679', 'TIGR00392', 'PF00562', 'PF00900', 'PF00623', 'TIGR00289', 'PF04560', 'PF04983', 'PF08071', 'PF00410', 'PF04997', 'PF00298'], 'GCN3': ['TIGR00408', 'TIGR00549', 'TIGR00336', 'TIGR03665', 'PF03484'], 'GCN4': ['PF13685', 'TIGR02153', 'TIGR00134'], 'GCN5+': []}
SB_02_renamed	{'marker lineage': 'k__Archaea', '# genomes': 207, '# markers': 145, '# marker sets': 103, '0': 28, '1': 99, '2': 13, '3': 5, '4': 0, '5+': 0, 'Completeness': 83.28354493403037, 'Contamination': 19.41747572815534, 'GC': 0.3294290000488197, 'GC std': 0.02028430300271949, 'Genome size': 2417058, '# ambiguous bases': 0, '# scaffolds': 649, '# contigs': 649, 'Longest scaffold': 49317, 'Longest contig': 49317, 'N50 (scaffolds)': 3611, 'N50 (contigs)': 3611, 'Mean scaffold length': 3724.2804314329737, 'Mean contig length': 3724.2804314329737, 'Coding density': 0.8901644064809368, 'Translation table': 11, '# predicted genes': 3470, 'GCN0': ['TIGR00057', 'TIGR01018', 'PF00867', 'PF01193', 'PF01000', 'PF00181', 'PF09377', 'PF09249', 'PF04563', 'PF00958', 'PF01201', 'PF01194', 'TIGR00549', 'TIGR03679', 'PF03947', 'TIGR02076', 'PF01172', 'TIGR03665', 'PF02005', 'PF05000', 'PF01725', 'TIGR00289', 'PF04561', 'TIGR03724', 'PF04983', 'PF01191', 'PF04127', 'PF00752'], 'GCN1': ['TIGR00425', 'PF04567', 'PF03719', 'PF00398', 'TIGR00442', 'TIGR00422', 'PF01200', 'PF04566', 'PF01269', 'PF01655', 'PF03950', 'PF08068', 'PF01849', 'PF04565', 'PF01090', 'PF01157', 'PF03439', 'PF00679', 'PF00347', 'PF00318', 'TIGR02338', 'TIGR00419', 'TIGR01080', 'PF06418', 'PF01866', 'PF07541', 'PF01246', 'PF01922', 'PF02978', 'PF00281', 'PF00312', 'PF01092', 'PF06026', 'PF00833', 'PF03876', 'PF00673', 'PF05746', 'PF09173', 'PF01798', 'PF01981', 'PF01192', 'PF00750', 'PF00573', 'PF00333', 'PF11987', 'PF01912', 'PF01982', 'PF00562', 'PF00900', 'PF00572', 'PF00623', 'PF00832', 'PF01351', 'PF00466', 'PF00380', 'PF04560', 'PF13656', 'PF00276', 'PF00416', 'TIGR00468', 'PF03764', 'PF01015', 'PF00411', 'PF00164', 'PF08071', 'PF00252', 'PF01780', 'TIGR02153', 'PF01868', 'PF03484', 'TIGR03677', 'PF00366', 'PF00410', 'PF00935', 'PF00687', 'PF04019', 'TIGR00522', 'PF04010', 'PF01667', 'PF00297', 'PF00749', 'PF04997', 'PF00327', 'PF03874', 'PF01280', 'PF01984', 'PF00827', 'PF04919', 'PF05221', 'PF08069', 'TIGR02389', 'PF00861', 'PF00177', 'TIGR01046', 'PF00238', 'PF00831', 'TIGR00064', 'PF00298', 'PF01198'], 'GCN2': ['TIGR00389', 'PF00203', 'PF00189', 'TIGR00670', 'PF00736', 'TIGR03685', 'TIGR00432', 'PF01287', 'TIGR01213', 'TIGR00329', 'TIGR00134', 'TIGR00344', 'PF00237'], 'GCN3': ['TIGR03683', 'PF13685', 'TIGR00408', 'TIGR00392', 'TIGR00336'], 'GCN4': [], 'GCN5+': []}
EGM_Bin1_renamed	{'marker lineage': 'k__Archaea', '# genomes': 207, '# markers': 145, '# marker sets': 103, '0': 19, '1': 106, '2': 16, '3': 2, '4': 1, '5+': 1, 'Completeness': 87.46577047547922, 'Contamination': 22.97734627831715, 'GC': 0.33949830956814664, 'GC std': 0.016936478178968838, 'Genome size': 3671547, '# ambiguous bases': 0, '# scaffolds': 1214, '# contigs': 1214, 'Longest scaffold': 12551, 'Longest contig': 12551, 'N50 (scaffolds)': 3195, 'N50 (contigs)': 3195, 'Mean scaffold length': 3024.338550247117, 'Mean contig length': 3024.338550247117, 'Coding density': 0.9091249546853138, 'Translation table': 11, '# predicted genes': 4788, 'GCN0': ['TIGR03683', 'TIGR00425', 'PF08068', 'TIGR00670', 'PF01193', 'PF01000', 'PF13685', 'PF00181', 'PF09377', 'PF01922', 'TIGR00549', 'PF01172', 'TIGR00336', 'PF01351', 'PF00411', 'TIGR02153', 'PF00297', 'PF04997', 'TIGR00344'], 'GCN1': ['TIGR00389', 'TIGR01018', 'PF04567', 'PF03719', 'PF00398', 'TIGR00442', 'TIGR00422', 'PF01200', 'PF04566', 'PF00189', 'PF01269', 'PF01655', 'PF03950', 'PF01849', 'PF04565', 'PF00867', 'PF01090', 'PF01157', 'PF00736', 'PF00679', 'PF00347', 'PF00318', 'TIGR02338', 'TIGR00419', 'TIGR01080', 'PF06418', 'PF01866', 'PF07541', 'PF01246', 'PF09249', 'PF04563', 'PF00958', 'PF02978', 'PF00312', 'PF01092', 'PF06026', 'PF00833', 'PF03876', 'PF01201', 'PF05746', 'PF01287', 'PF01194', 'PF01798', 'PF01981', 'PF00750', 'PF03947', 'PF00573', 'PF00333', 'PF11987', 'PF01912', 'PF01982', 'PF00562', 'TIGR03665', 'PF00572', 'PF02005', 'PF00623', 'PF00832', 'PF05000', 'PF01725', 'PF00466', 'PF00380', 'PF04560', 'PF04561', 'PF13656', 'PF00276', 'TIGR03724', 'PF00416', 'TIGR00468', 'PF03764', 'PF04983', 'PF01015', 'PF00164', 'TIGR00329', 'PF00252', 'PF01780', 'PF01868', 'TIGR00134', 'TIGR03677', 'PF00366', 'PF00410', 'PF00935', 'PF00687', 'PF04019', 'PF01191', 'TIGR00522', 'PF04010', 'PF01667', 'PF00749', 'PF00327', 'PF03874', 'PF01280', 'PF01984', 'PF00827', 'PF05221', 'PF08069', 'TIGR02389', 'PF00861', 'PF00177', 'TIGR01046', 'PF00237', 'PF04127', 'PF00238', 'PF00752', 'PF00831', 'TIGR00064', 'PF01198'], 'GCN2': ['TIGR00057', 'PF03439', 'TIGR03685', 'PF00281', 'PF00673', 'PF09173', 'TIGR03679', 'PF01192', 'TIGR00392', 'PF00900', 'TIGR00289', 'TIGR01213', 'PF08071', 'PF03484', 'PF04919', 'PF00298'], 'GCN3': ['PF00203', 'TIGR00432'], 'GCN4': ['TIGR02076'], 'GCN5+': ['TIGR00408']}
